esperimento,crop,matcher,preprocess,morph_open,morph_close,codici,modello,degrado,rot_deg,scala,tx,ty,prospettiva,ratio,loftr_conf,loftr_max_lato,ransac_thresh,seed,n_kp_a,n_kp_b,n_matches,n_inliers,inlier_ratio,rmse_px,rmse_m,err_max_px,success_stima,success,motivo,t_init_ms,t_match_ms,t_stima_ms
E1,ribba,sift,none,0,0,,homography,0.0,15,1.15,30,20,0.0,0.75,,,3.0,42,6528,4382,2532,2317,0.915087,0.10765958445008306,0.02739430424207698,0.12200594077516531,True,True,,,431.7,1.8
E1,ribba,sift,none,0,0,,homography,0.25,15,1.15,30,20,0.0,0.75,,,3.0,42,6528,3817,1884,1619,0.859342,0.1183027359547539,0.03010248607189499,0.1267627158593825,True,True,,,406.5,1.5
E1,ribba,sift,none,0,0,,homography,0.5,15,1.15,30,20,0.0,0.75,,,3.0,42,6528,3078,1123,746,0.664292,0.15050648994873203,0.038296827886924706,0.21685972181753824,True,True,,,398.2,1.0
E1,ribba,sift,none,0,0,,homography,0.75,15,1.15,30,20,0.0,0.75,,,3.0,42,6528,2067,616,329,0.534091,0.14888780520008785,0.03788494869657795,0.21783846666511666,True,True,,,378.9,1.8
E1,ribba,sift,none,0,0,,homography,1.0,15,1.15,30,20,0.0,0.75,,,3.0,42,6528,832,397,110,0.277078,0.1611369944580374,0.04100179165083099,0.23271836881396168,True,True,,,351.6,20.6
E1,ribba,sift,none,0,0,,homography,1.1,15,1.15,30,20,0.0,0.75,,,3.0,42,6528,661,215,81,0.376744,506.75155609706906,128.94445370356752,899.5318463536963,True,False,,,341.2,6.2
E1,ribba,sift,none,0,0,,homography,1.2,15,1.15,30,20,0.0,0.75,,,3.0,42,6528,688,62,30,0.483871,0.5009889013849766,0.12747812892411145,1.2341303449064076,True,True,,,343.2,2.3
E1,ribba,sift,none,0,0,,homography,1.3,15,1.15,30,20,0.0,0.75,,,3.0,42,6528,678,30,14,0.466667,0.7753589681302855,0.19729241551765553,2.306216891888323,True,True,,,340.7,2.6
E1,ribba,sift,none,0,0,,homography,1.4,15,1.15,30,20,0.0,0.75,,,3.0,42,6528,801,15,6,0.4,1.7443768009705178,0.44386191013735116,4.094722011908253,True,False,,,347.5,5.0
E1,ribba,sift,none,0,0,,homography,1.5,15,1.15,30,20,0.0,0.75,,,,42,6528,949,2,0,0.0,,,,False,False,"solo 2 corrispondenze, ne servono almeno 4",,350.4,0.0
E1,ribba,sift,none,0,0,,homography,0.0,0,1.0,0.0,0.0,0.0,0.75,,,3.0,42,6528,6528,6528,6528,1.0,1.7841378621071943e-12,4.539792314267619e-13,3.86462750421931e-12,True,True,,,459.0,1.8
E1,ribba,sift,none,0,0,,homography,0.0,5,1.0,0.0,0.0,0.0,0.75,,,3.0,42,6528,5473,3328,3176,0.954327,0.02914179253484849,0.007415216535869803,0.03549918240838828,True,True,,,451.0,1.3
E1,ribba,sift,none,0,0,,homography,0.0,15,1.0,0.0,0.0,0.0,0.75,,,3.0,42,6528,5611,3123,2967,0.950048,0.09389222568982325,0.023891158503452595,0.10911054004398844,True,True,,,449.8,1.9
E1,ribba,sift,none,0,0,,homography,0.0,30,1.0,0.0,0.0,0.0,0.75,,,3.0,42,6528,4919,3197,3022,0.945261,0.18693468553112377,0.04756609153745103,0.20223554457981782,True,True,,,432.6,1.5
E1,ribba,sift,none,0,0,,homography,0.0,45,1.0,0.0,0.0,0.0,0.75,,,3.0,42,6528,4816,2857,2699,0.944697,0.26690852785375535,0.0679156756379716,0.28196403909658535,True,True,,,427.5,1.2
E1,ribba,sift,none,0,0,,homography,0.0,90,1.0,0.0,0.0,0.0,0.75,,,3.0,42,6528,6520,6203,6178,0.99597,0.5017350992196907,0.12766800120174795,0.5050116647937736,True,True,,,457.6,5.1
E1,ribba,sift,clahe,0,0,,homography,0.0,15,1.15,30,20,0.0,0.75,,,3.0,42,7900,5872,3509,3344,0.952978,0.11410973821450299,0.029035565217894927,0.15272578555251812,True,True,,,480.9,2.0
E1,ribba,sift,clahe,0,0,,homography,0.25,15,1.15,30,20,0.0,0.75,,,3.0,42,7900,5512,2348,2144,0.913118,0.11571328599733947,0.029443592761881018,0.21463705014459877,True,True,,,485.2,1.2
E1,ribba,sift,clahe,0,0,,homography,0.5,15,1.15,30,20,0.0,0.75,,,3.0,42,7900,5367,1246,951,0.763242,0.19654104639417208,0.050010458878136266,0.5560650237708058,True,True,,,465.8,1.9
E1,ribba,sift,clahe,0,0,,homography,0.75,15,1.15,30,20,0.0,0.75,,,3.0,42,7900,5525,716,498,0.695531,0.22105481410469657,0.056248060613382354,0.4437785374737384,True,True,,,473.7,1.4
E1,ribba,sift,clahe,0,0,,homography,1.0,15,1.15,30,20,0.0,0.75,,,3.0,42,7900,5140,452,237,0.524336,0.5532222546354094,0.1407690623587438,1.657489045853209,True,True,,,467.2,1.9
E1,ribba,sift,clahe,0,0,,homography,1.1,15,1.15,30,20,0.0,0.75,,,3.0,42,7900,4636,461,182,0.394794,0.5035339225441701,0.1281257171931317,1.1722411375817636,True,True,,,484.9,5.9
E1,ribba,sift,clahe,0,0,,homography,1.2,15,1.15,30,20,0.0,0.75,,,3.0,42,7900,4128,487,219,0.449692,563.6745559526886,143.42868178582947,1024.9281221599279,True,False,,,452.5,10.0
E1,ribba,sift,clahe,0,0,,homography,1.3,15,1.15,30,20,0.0,0.75,,,3.0,42,7900,3767,411,231,0.562044,563.862695688083,143.47655450591978,1025.0710635351415,True,False,,,426.8,2.0
E1,ribba,sift,clahe,0,0,,homography,1.4,15,1.15,30,20,0.0,0.75,,,3.0,42,7900,3455,105,42,0.4,0.6352418507147647,0.16163919463992402,1.290077979153206,True,True,,,431.8,5.5
E1,ribba,sift,clahe,0,0,,homography,1.5,15,1.15,30,20,0.0,0.75,,,3.0,42,7900,3274,76,20,0.263158,707.0766565035568,179.91777647729953,1184.839379139,True,False,,,424.2,24.1
E1,ribba,sift,clahe,0,0,,homography,0.0,0,1.0,0.0,0.0,0.0,0.75,,,3.0,42,7900,7900,7900,7900,1.0,1.2096979120806008e-12,3.078112628226451e-13,2.295745876080634e-12,True,True,,,538.0,2.4
E1,ribba,sift,clahe,0,0,,homography,0.0,5,1.0,0.0,0.0,0.0,0.75,,,3.0,42,7900,7181,4701,4574,0.972984,0.02946668152907154,0.007497885515116841,0.04044958679292671,True,True,,,521.8,2.2
E1,ribba,sift,clahe,0,0,,homography,0.0,15,1.0,0.0,0.0,0.0,0.75,,,3.0,42,7900,6902,4364,4236,0.970669,0.09316169815384273,0.023705273580339744,0.09707486907122105,True,True,,,512.7,2.0
E1,ribba,sift,clahe,0,0,,homography,0.0,30,1.0,0.0,0.0,0.0,0.75,,,3.0,42,7900,6518,4363,4237,0.971121,0.18372837946753576,0.046750237340652874,0.1923185295917468,True,True,,,504.3,1.7
E1,ribba,sift,clahe,0,0,,homography,0.0,45,1.0,0.0,0.0,0.0,0.75,,,3.0,42,7900,6352,4070,3927,0.964865,0.26941737270538174,0.0685540587370025,0.2755398854483306,True,True,,,506.5,2.0
E1,ribba,sift,clahe,0,0,,homography,0.0,90,1.0,0.0,0.0,0.0,0.75,,,3.0,42,7900,7827,7001,6968,0.995286,0.49911142808284015,0.12700040020996292,0.5017803870391278,True,True,,,536.1,3.2
E1,ribba,sift,sauvola,0,0,,homography,0.0,15,1.15,30,20,0.0,0.75,,,3.0,42,4942,3652,974,647,0.664271,0.15899704331830153,0.04045727466347178,0.22518566973548754,True,True,,,397.3,1.3
E1,ribba,sift,sauvola,0,0,,homography,0.25,15,1.15,30,20,0.0,0.75,,,3.0,42,4942,4023,859,582,0.677532,0.1666806652973527,0.042412395326907285,0.3853497422716221,True,True,,,401.3,1.0
E1,ribba,sift,sauvola,0,0,,homography,0.5,15,1.15,30,20,0.0,0.75,,,3.0,42,4942,4233,663,419,0.631976,0.1427983882379547,0.03633547828231229,0.3209235192151741,True,True,,,421.8,1.1
E1,ribba,sift,sauvola,0,0,,homography,0.75,15,1.15,30,20,0.0,0.75,,,3.0,42,4942,2483,375,161,0.429333,0.43461840047712763,0.11058995585660655,1.4011700081483087,True,True,,,373.3,3.7
E1,ribba,sift,sauvola,0,0,,homography,1.0,15,1.15,30,20,0.0,0.75,,,3.0,42,4942,6527,212,90,0.424528,0.2758927640860433,0.07020174149998597,0.4844133594350579,True,True,,,430.0,3.9
E1,ribba,sift,sauvola,0,0,,homography,1.1,15,1.15,30,20,0.0,0.75,,,3.0,42,4942,13767,236,78,0.330508,558.8840371302869,142.20971989991287,1026.8271873071906,True,False,,,565.1,10.4
E1,ribba,sift,sauvola,0,0,,homography,1.2,15,1.15,30,20,0.0,0.75,,,3.0,42,4942,17993,128,38,0.296875,0.9426703147722518,0.2398652896047438,2.1337643708802947,True,True,,,613.5,15.5
E1,ribba,sift,sauvola,0,0,,homography,1.3,15,1.15,30,20,0.0,0.75,,,3.0,42,4942,19305,36,18,0.5,2.0706971368952916,0.5268950985744176,6.37157980537591,True,False,,,644.4,2.3
E1,ribba,sift,sauvola,0,0,,homography,1.4,15,1.15,30,20,0.0,0.75,,,3.0,42,4942,19339,12,4,0.333333,782.7232115913478,199.1662693590532,2326.346447675503,True,False,,,631.4,9.7
E1,ribba,sift,sauvola,0,0,,homography,1.5,15,1.15,30,20,0.0,0.75,,,,42,4942,18177,6,0,0.0,,,,False,False,RANSAC non ha trovato un modello,,623.6,1.1
E1,ribba,sift,sauvola,0,0,,homography,0.0,0,1.0,0.0,0.0,0.0,0.75,,,3.0,42,4942,4942,4927,4927,1.0,5.176878035687345e-13,1.317272146814752e-13,1.4871406540758715e-12,True,True,,,401.9,1.4
E1,ribba,sift,sauvola,0,0,,homography,0.0,5,1.0,0.0,0.0,0.0,0.75,,,3.0,42,4942,4670,1348,1042,0.772997,0.0418881708286824,0.010658570731870723,0.07740963304546429,True,True,,,396.2,0.9
E1,ribba,sift,sauvola,0,0,,homography,0.0,15,1.0,0.0,0.0,0.0,0.75,,,3.0,42,4942,4607,1244,911,0.732315,0.11520770593579165,0.02931494639847999,0.18913514653879349,True,True,,,402.4,1.3
E1,ribba,sift,sauvola,0,0,,homography,0.0,30,1.0,0.0,0.0,0.0,0.75,,,3.0,42,4942,4339,1219,861,0.706317,0.21508049291426753,0.05472787666351411,0.28763795441814943,True,True,,,386.3,1.0
E1,ribba,sift,sauvola,0,0,,homography,0.0,45,1.0,0.0,0.0,0.0,0.75,,,3.0,42,4942,4269,1266,868,0.685624,0.27125374148463177,0.06902132828198901,0.2930237363845237,True,True,,,391.0,1.2
E1,ribba,sift,sauvola,0,0,,homography,0.0,90,1.0,0.0,0.0,0.0,0.75,,,3.0,42,4942,4924,4630,4609,0.995464,0.4994966744397269,0.12709842730121182,0.5018009547776326,True,True,,,401.6,1.7
E1,ribba,orb,none,0,0,,homography,0.0,15,1.15,30,20,0.0,,,,3.0,42,5000,5000,2564,1866,0.727769,0.48936863539319214,0.12452131738170391,1.245926172465497,True,True,,,683.8,1.5
E1,ribba,orb,none,0,0,,homography,0.25,15,1.15,30,20,0.0,,,,3.0,42,5000,4971,2538,1991,0.784476,0.3199026469450509,0.08140018822310903,0.5552234930407649,True,True,,,132.4,1.4
E1,ribba,orb,none,0,0,,homography,0.5,15,1.15,30,20,0.0,,,,3.0,42,5000,4895,2354,1380,0.586236,1.2024097636894813,0.30595677160007956,3.498729645923995,True,False,,,130.2,2.0
E1,ribba,orb,none,0,0,,homography,0.75,15,1.15,30,20,0.0,,,,3.0,42,5000,4514,1979,1277,0.645275,0.32938624670529887,0.08381331863290341,0.6607100115545778,True,True,,,129.1,1.5
E1,ribba,orb,none,0,0,,homography,1.0,15,1.15,30,20,0.0,,,,3.0,42,5000,3737,1322,613,0.463691,0.37144261217280594,0.09451468699520699,0.7196540180898582,True,True,,,109.8,3.5
E1,ribba,orb,none,0,0,,homography,1.1,15,1.15,30,20,0.0,,,,3.0,42,5000,3495,1067,353,0.330834,0.8444165488997666,0.2148643241171923,2.3212918323303944,True,True,,,103.8,11.0
E1,ribba,orb,none,0,0,,homography,1.2,15,1.15,30,20,0.0,,,,3.0,42,5000,3310,840,218,0.259524,0.6341108644449212,0.1613514117906035,1.5598829961786935,True,True,,,100.8,37.9
E1,ribba,orb,none,0,0,,homography,1.3,15,1.15,30,20,0.0,,,,3.0,42,5000,3226,700,101,0.144286,2.0715229138768603,0.5271052200047087,7.307239051997637,True,False,,,102.2,119.1
E1,ribba,orb,none,0,0,,homography,1.4,15,1.15,30,20,0.0,,,,3.0,42,5000,3234,627,30,0.047847,2.21269644504118,0.5630272485300634,5.272213013350037,True,False,,,118.8,117.8
E1,ribba,orb,none,0,0,,homography,1.5,15,1.15,30,20,0.0,,,,3.0,42,5000,3320,601,7,0.011647,1748.434470994384,444.89439644793396,15575.903069002998,True,False,,,108.7,117.6
E1,ribba,orb,none,0,0,,homography,0.0,0,1.0,0.0,0.0,0.0,,,,3.0,42,5000,5000,5000,5000,1.0,6.963793697818883e-13,1.771958197791108e-13,1.570186912605001e-12,True,True,,,139.4,1.3
E1,ribba,orb,none,0,0,,homography,0.0,5,1.0,0.0,0.0,0.0,,,,3.0,42,5000,5000,3660,3019,0.824863,0.3097445487178484,0.07881542965490268,0.9743863738369176,True,True,,,135.4,1.9
E1,ribba,orb,none,0,0,,homography,0.0,15,1.0,0.0,0.0,0.0,,,,3.0,42,5000,5000,3346,2933,0.876569,0.20199276816957448,0.05139766583905273,0.5093372117255365,True,True,,,137.3,1.6
E1,ribba,orb,none,0,0,,homography,0.0,30,1.0,0.0,0.0,0.0,,,,3.0,42,5000,5000,3142,2615,0.832272,0.3711889153656861,0.09445013308154492,0.8149366507730602,True,True,,,137.3,1.5
E1,ribba,orb,none,0,0,,homography,0.0,45,1.0,0.0,0.0,0.0,,,,3.0,42,5000,5000,3113,2665,0.856087,0.16922211796293435,0.04305907558202253,0.3243748480852205,True,True,,,138.4,1.7
E1,ribba,orb,none,0,0,,homography,0.0,90,1.0,0.0,0.0,0.0,,,,3.0,42,5000,5000,4194,3493,0.832856,0.4776143132438475,0.12153039484783672,0.5733783540016252,True,True,,,139.6,1.9
E1,ribba,orb,clahe,0,0,,homography,0.0,15,1.15,30,20,0.0,,,,3.0,42,5000,5000,2504,1855,0.740815,0.34079451092327834,0.08671618568796094,0.9425829599124917,True,True,,,145.8,1.5
E1,ribba,orb,clahe,0,0,,homography,0.25,15,1.15,30,20,0.0,,,,3.0,42,5000,5000,2449,1802,0.735811,0.48996062253613815,0.12467195028618795,1.173860328772711,True,True,,,140.9,1.5
E1,ribba,orb,clahe,0,0,,homography,0.5,15,1.15,30,20,0.0,,,,3.0,42,5000,5000,2201,1643,0.746479,0.28788989973736123,0.07325444865787077,0.6692577998762037,True,True,,,150.4,1.3
E1,ribba,orb,clahe,0,0,,homography,0.75,15,1.15,30,20,0.0,,,,3.0,42,5000,5000,1901,1124,0.591268,0.3442492162880325,0.08759524583213874,0.8410080376546144,True,True,,,147.4,2.4
E1,ribba,orb,clahe,0,0,,homography,1.0,15,1.15,30,20,0.0,,,,3.0,42,5000,5000,1550,686,0.442581,0.9255983224909106,0.23552126995277964,2.67089198644424,True,True,,,152.6,4.0
E1,ribba,orb,clahe,0,0,,homography,1.1,15,1.15,30,20,0.0,,,,3.0,42,5000,5000,1349,481,0.35656,1.4515136943880962,0.3693420140781342,4.446083039138004,True,False,,,157.0,8.6
E1,ribba,orb,clahe,0,0,,homography,1.2,15,1.15,30,20,0.0,,,,3.0,42,5000,4965,1205,360,0.298755,1.2202238448751284,0.310489618000011,3.3246545056047694,True,False,,,150.7,17.6
E1,ribba,orb,clahe,0,0,,homography,1.3,15,1.15,30,20,0.0,,,,3.0,42,5000,4923,1102,247,0.224138,1.2002621528433353,0.3054103055774452,2.955674508770367,True,False,,,152.2,52.7
E1,ribba,orb,clahe,0,0,,homography,1.4,15,1.15,30,20,0.0,,,,3.0,42,5000,4884,997,126,0.126379,2.4372565255616863,0.6201672346987477,7.582982793532231,True,False,,,150.5,122.3
E1,ribba,orb,clahe,0,0,,homography,1.5,15,1.15,30,20,0.0,,,,3.0,42,5000,4848,924,66,0.071429,4.854023380391446,1.2351208112107446,15.657849369498715,True,False,,,152.6,121.8
E1,ribba,orb,clahe,0,0,,homography,0.0,0,1.0,0.0,0.0,0.0,,,,3.0,42,5000,5000,5000,5000,1.0,2.2053282365883992e-13,5.611523857846279e-14,5.972786903972607e-13,True,True,,,139.8,1.2
E1,ribba,orb,clahe,0,0,,homography,0.0,5,1.0,0.0,0.0,0.0,,,,3.0,42,5000,5000,3634,3435,0.945239,0.06897487350965688,0.01755086348915272,0.16678768317594406,True,True,,,167.2,1.3
E1,ribba,orb,clahe,0,0,,homography,0.0,15,1.0,0.0,0.0,0.0,,,,3.0,42,5000,5000,3328,3026,0.909255,0.14507802676961032,0.036915539145607655,0.31315390232885026,True,True,,,141.8,1.8
E1,ribba,orb,clahe,0,0,,homography,0.0,30,1.0,0.0,0.0,0.0,,,,3.0,42,5000,5000,3112,2838,0.911954,0.2002886242839576,0.050964041314925865,0.394506061040296,True,True,,,139.0,1.4
E1,ribba,orb,clahe,0,0,,homography,0.0,45,1.0,0.0,0.0,0.0,,,,3.0,42,5000,5000,3072,2584,0.841146,0.2430062833014244,0.06183367780489734,0.5160077183625944,True,True,,,142.3,1.4
E1,ribba,orb,clahe,0,0,,homography,0.0,90,1.0,0.0,0.0,0.0,,,,3.0,42,5000,5000,4201,4059,0.966199,0.5157437531620379,0.13123254522334002,0.5532908865420835,True,True,,,142.0,3.1
E1,ribba,orb,sauvola,0,0,,homography,0.0,15,1.15,30,20,0.0,,,,3.0,42,4632,4594,1927,1270,0.659056,0.2732162066917275,0.06952068344133014,0.4273638899613212,True,True,,,123.0,1.4
E1,ribba,orb,sauvola,0,0,,homography,0.25,15,1.15,30,20,0.0,,,,3.0,42,4632,4820,1937,1208,0.623645,0.2898852458012589,0.07376217044986773,0.5161502698184002,True,True,,,127.6,1.5
E1,ribba,orb,sauvola,0,0,,homography,0.5,15,1.15,30,20,0.0,,,,3.0,42,4632,5000,1742,964,0.553387,0.29159126018373416,0.0741962709275317,0.7323875113379156,True,True,,,133.8,2.0
E1,ribba,orb,sauvola,0,0,,homography,0.75,15,1.15,30,20,0.0,,,,3.0,42,4632,5000,1361,557,0.409258,0.43460974043973316,0.11058775228411141,1.0124608899395267,True,True,,,131.5,5.1
E1,ribba,orb,sauvola,0,0,,homography,1.0,15,1.15,30,20,0.0,,,,3.0,42,4632,5000,1166,269,0.230703,0.808915756193584,0.20583104091072602,1.6555067048493879,True,True,,,143.8,49.0
E1,ribba,orb,sauvola,0,0,,homography,1.1,15,1.15,30,20,0.0,,,,3.0,42,4632,5000,1119,198,0.176944,1.4572652707419653,0.3708055199361053,3.288671075683962,True,False,,,149.3,124.2
E1,ribba,orb,sauvola,0,0,,homography,1.2,15,1.15,30,20,0.0,,,,3.0,42,4632,5000,1020,112,0.109804,1.6527171001338745,0.42053882428036476,4.114318441066359,True,False,,,151.1,124.0
E1,ribba,orb,sauvola,0,0,,homography,1.3,15,1.15,30,20,0.0,,,,3.0,42,4632,5000,1038,46,0.044316,4.3160179578861175,1.0982237174379963,9.646015471843581,True,False,,,156.0,124.2
E1,ribba,orb,sauvola,0,0,,homography,1.4,15,1.15,30,20,0.0,,,,3.0,42,4632,5000,998,10,0.01002,212.51899689524924,54.076096316986856,543.2592483095253,True,False,,,152.1,123.1
E1,ribba,orb,sauvola,0,0,,homography,1.5,15,1.15,30,20,0.0,,,,3.0,42,4632,5000,1000,6,0.006,674.9286598291562,171.7376222795083,1287.2795515288353,True,False,,,156.0,122.8
E1,ribba,orb,sauvola,0,0,,homography,0.0,0,1.0,0.0,0.0,0.0,,,,3.0,42,4632,4632,4631,4631,1.0,2.9355477849947243e-13,7.469589405352625e-14,7.731540852509763e-13,True,True,,,127.5,1.2
E1,ribba,orb,sauvola,0,0,,homography,0.0,5,1.0,0.0,0.0,0.0,,,,3.0,42,4632,4598,2578,2018,0.782777,0.1671539627716127,0.042532827289125164,0.5713231282787101,True,True,,,147.8,1.7
E1,ribba,orb,sauvola,0,0,,homography,0.0,15,1.0,0.0,0.0,0.0,,,,3.0,42,4632,4526,2370,1769,0.746414,0.19624604068170076,0.0499353937895808,0.37183386562140236,True,True,,,120.0,1.7
E1,ribba,orb,sauvola,0,0,,homography,0.0,30,1.0,0.0,0.0,0.0,,,,3.0,42,4632,4507,2229,1622,0.727681,0.3433761750803999,0.087373097877733,0.7096453371825063,True,True,,,120.5,1.2
E1,ribba,orb,sauvola,0,0,,homography,0.0,45,1.0,0.0,0.0,0.0,,,,3.0,42,4632,4519,2239,1632,0.728897,0.45171583084277256,0.114940448305436,0.7949222187934306,True,True,,,119.9,1.4
E1,ribba,orb,sauvola,0,0,,homography,0.0,90,1.0,0.0,0.0,0.0,,,,3.0,42,4632,4632,3507,3233,0.921871,0.4415608634072811,0.1123564863765729,0.5447594695199588,True,True,,,124.2,1.9
